,white,black,white_elo,black_elo,result,nmoves,nstarting_move,pgn_base,temperature,random_engine,has_illegal,illegal_move,folder_name,chess960,moves
0,Stockfish,gpt-3.5-turbo-instruct,1954,?,1-0,11,1,"[Event ""World Fischer Random 2024""]
[Site ""Los Angeles, USA""]
[Date ""2024.12.01""]
[Round ""5""]
[White ""Carlsen, Magnus""]
[Black ""Nepomniachtchi, Ian""]
[Result ""1-0""]
[Variant ""Chess960""]
[SetUp ""1""]
[FEN ""bqnbnrkr/pppppppp/8/8/8/8/PPPPPPPP/BQNBNRKR w KQkq - 1 0""]
[WhiteElo ""2885""]
[WhiteTitle ""GM""]
[WhiteFideId ""1503014""]
[BlackElo ""2812""]
[BlackTitle ""GM""]
[BlackFideId ""4168119""]
[TimeControl ""40/7200:20/3600:900+30""]
[UTCDate ""2024.11.27""]
[UTCTime ""09:01:25""]
1.",0.0,False,False,,/app/games_replication/gameda999577-87d9-49b7-aede-cb2b8c6e7721,True,1. h4 g6 2. h5 gxh5 3. b3 Nf6 4. Rh3 d5 5. Bxf6 exf6 6. Rg3#
1,Stockfish,gpt-3.5-turbo-instruct,1954,?,*,85,1,"[Event ""FIDE World Championship Match 2024""]
[Site ""Los Angeles, USA""]
[Date ""2024.12.01""]
[Round ""5""]
[White ""Carlsen, Magnus""]
[Black ""Nepomniachtchi, Ian""]
[Result ""1-0""]
[WhiteElo ""2885""]
[WhiteTitle ""GM""]
[WhiteFideId ""1503014""]
[BlackElo ""2812""]
[BlackTitle ""GM""]
[BlackFideId ""4168119""]
[TimeControl ""40/7200:20/3600:900+30""]
[UTCDate ""2024.11.27""]
[UTCTime ""09:01:25""]
[Variant ""Standard""]",0.0,False,True,1-0,/app/games_replication/game341afeb0-1a45-4134-8853-f6e583c1ef5e,False,1. e4 e5 2. Nf3 Nc6 3. Bb5 a6 4. Bxc6 dxc6 5. h3 Nf6 6. d3 Bd6 7. Be3 O-O 8. b3 Re8 9. O-O c5 10. Nc3 b5 11. Nh2 Bb7 12. Ne2 c4 13. Nf3 cxd3 14. cxd3 c5 15. a4 c4 16. dxc4 bxc4 17. bxc4 Nxe4 18. Ng3 Nxg3 19. fxg3 Qc7 20. Ng5 f6 21. c5 Bxc5 22. Qb3+ Kh8 23. Nf7+ Kg8 24. Nxe5+ Kh8 25. Nf7+ Kg8 26. Ne5+ Kh8 27. Nf7+ Kg8 28. Ne5+ Kh8 29. Nf7+ Kg8 30. Ne5+ Kh8 31. Nf7+ Kg8 32. Nd6+ Kh8 33. Nxe8 Rxe8 34. Bxc5 Qxc5+ 35. Rf2 Qc6 36. Rd1 h6 37. Rfd2 Qc5+ 38. Kh2 Qc6 39. Qb2 Re5 40. Rd6 Qe4 41. R1d4 Qe2 42. Rd8+ Kh7 43. Qxb7
2,Stockfish,gpt-3.5-turbo-instruct,1954,?,1/2-1/2,82,1,"[Event ""FIDE World Championship Match 2024""]
[Site ""Los Angeles, USA""]
[Date ""2024.12.01""]
[Round ""5""]
[White ""Carlsen, Magnus""]
[Black ""Nepomniachtchi, Ian""]
[Result ""1-0""]
[WhiteElo ""2885""]
[WhiteTitle ""GM""]
[WhiteFideId ""1503014""]
[BlackElo ""2812""]
[BlackTitle ""GM""]
[BlackFideId ""4168119""]
[TimeControl ""40/7200:20/3600:900+30""]
[UTCDate ""2024.11.27""]
[UTCTime ""09:01:25""]
[Variant ""Standard""]",0.0,False,False,,/app/games_replication/gameb7d76ffe-ed5a-4b68-a472-3848d6997098,False,1. Nf3 Nf6 2. c4 e6 3. d4 d5 4. Nc3 Be7 5. Bg5 h6 6. Bf4 O-O 7. e3 c5 8. Bd3 dxc4 9. Be2 cxd4 10. Qxd4 Qxd4 11. Nxd4 Nd5 12. Bxc4 Nxf4 13. exf4 Rd8 14. Rd1 Bf6 15. Ndb5 Rxd1+ 16. Kxd1 Nc6 17. Ke2 a6 18. Nc7 Rb8 19. Bd3 Bd8 20. Ne8 Be7 21. f5 Bd7 22. Nc7 Rc8 23. Nxa6 bxa6 24. Rd1 Nb4 25. Bxa6 Rc7 26. Bc4 exf5 27. a3 Rxc4 28. Rxd7 Nc6 29. a4 Bf6 30. Rd6 Bxc3 31. g4 Bxb2 32. Rd5 fxg4 33. h3 gxh3 34. a5 h2 35. Rh5 Be5 36. Rxh2 Bxh2 37. Kf1 Nxa5 38. f4 Rc2 39. Ke1 Bxf4 40. Kf1 Nc4 41. Ke1 Ne3
3,Stockfish,gpt-3.5-turbo-instruct,1954,?,*,121,1,"[Event ""FIDE World Championship Match 2024""]
[Site ""Los Angeles, USA""]
[Date ""2024.12.01""]
[Round ""5""]
[White ""Carlsen, Magnus""]
[Black ""Nepomniachtchi, Ian""]
[Result ""1-0""]
[WhiteElo ""2885""]
[WhiteTitle ""GM""]
[WhiteFideId ""1503014""]
[BlackElo ""2812""]
[BlackTitle ""GM""]
[BlackFideId ""4168119""]
[TimeControl ""40/7200:20/3600:900+30""]
[UTCDate ""2024.11.27""]
[UTCTime ""09:01:25""]
[Variant ""Standard""]",0.0,False,True,1-0,/app/games_replication/game46b90389-512f-4e60-8167-9f0cc10b3d6c,False,1. Nf3 Nf6 2. d4 d5 3. Bf4 c5 4. dxc5 Nc6 5. a3 Ne4 6. e3 f6 7. Nbd2 e5 8. Nd4 exd4 9. exd4 Nxd2 10. Qxd2 Be7 11. h3 O-O 12. h4 Re8 13. O-O-O Bf5 14. h5 Qd7 15. Re1 Bf8 16. Re3 Rxe3 17. fxe3 Re8 18. Bb5 a6 19. Ba4 Be4 20. Qf2 Qg4 21. Rh2 h6 22. b4 Qe6 23. Qg3 Kh7 24. Rh4 Qf7 25. Rh1 Qe6 26. Bb3 Qf7 27. Qh3 Qe6 28. Qxe6 Rxe6 29. Rd1 Re8 30. Ba4 Rd8 31. Rg1 Be7 32. Bb3 Rd7 33. c3 Bd8 34. Kd2 Bc7 35. Bxc7 Rxc7 36. g4 Re7 37. Rc1 Rd7 38. Rf1 Re7 39. Ba2 Rd7 40. Rf4 Re7 41. a4 Rd7 42. b5 axb5 43. axb5 Na5 44. c4 Re7 45. cxd5 Bxd5 46. Bxd5 Rd7 47. Be4+ Kg8 48. Bd3 Kf8 49. Rf3 Ke7 50. Kc3 Rd8 51. Rf2 Ra8 52. Bf5 Kd8 53. Re2 Kc7 54. Be4 Re8 55. Bg6 Ra8 56. Be4 Re8 57. Bd5 Rd8 58. b6+ Kb8 59. Bg2 Re8 60. d5 Kc8 61. Kb4
4,Stockfish,gpt-3.5-turbo-instruct,1954,?,0-1,138,1,"[Event ""FIDE World Championship Match 2024""]
[Site ""Los Angeles, USA""]
[Date ""2024.12.01""]
[Round ""5""]
[White ""Carlsen, Magnus""]
[Black ""Nepomniachtchi, Ian""]
[Result ""1-0""]
[WhiteElo ""2885""]
[WhiteTitle ""GM""]
[WhiteFideId ""1503014""]
[BlackElo ""2812""]
[BlackTitle ""GM""]
[BlackFideId ""4168119""]
[TimeControl ""40/7200:20/3600:900+30""]
[UTCDate ""2024.11.27""]
[UTCTime ""09:01:25""]
[Variant ""Standard""]",0.0,False,False,,/app/games_replication/game7cf5411f-e338-4b3d-9987-2c5deaf0e704,False,1. e4 e5 2. Nf3 Nc6 3. Bc4 Nf6 4. d4 exd4 5. e5 d5 6. Bb5 Ne4 7. c3 dxc3 8. Bxc6+ bxc6 9. bxc3 Bc5 10. Be3 Bxe3 11. fxe3 Ba6 12. c4 Bxc4 13. Nbd2 Nxd2 14. Nxd2 Qh4+ 15. g3 Qg5 16. Nxc4 dxc4 17. Qf3 O-O 18. Qf4 Qe7 19. O-O Rae8 20. Rac1 Qxe5 21. Rxc4 Qxe3+ 22. Qxe3 Rxe3 23. Rd4 Re2 24. a3 Ra2 25. Ra4 Ra8 26. Ra6 c5 27. Rf2 Ra1+ 28. Kg2 c4 29. Rc2 c3 30. Kf3 g6 31. h4 Kg7 32. Rxc3 Rf1+ 33. Kg2 Rf6 34. Rcc6 Rxc6 35. Rxc6 Rc8 36. Kf2 Kf8 37. Ra6 Ra8 38. a4 Ke7 39. g4 Kd7 40. Ke3 c6 41. Kd4 Kc7 42. Kc5 Kb7 43. Rxc6 Rc8 44. Rxc8 Kxc8 45. g5 Kc7 46. Kb5 Kb7 47. Kc5 Kc7 48. Kd5 Kb6 49. Ke5 Ka5 50. Kf6 Kxa4 51. Kxf7 Kb5 52. Kg7 a5 53. Kxh7 a4 54. Kxg6 a3 55. h5 a2 56. h6 a1=Q 57. Kh7 Qa7+ 58. Kg6 Qb6+ 59. Kh5 Qe6 60. Kh4 Qg6 61. Kh3 Qxg5 62. h7 Qh6+ 63. Kg3 Qxh7 64. Kf2 Qe4 65. Kf1 Qc2 66. Ke1 Kc4 67. Kf1 Kd3 68. Kg1 Ke3 69. Kf1 Qf2#
5,Stockfish,gpt-3.5-turbo-instruct,1954,?,*,2,1,"[Event ""World Fischer Random 2024""]
[Site ""Los Angeles, USA""]
[Date ""2024.12.01""]
[Round ""5""]
[White ""Carlsen, Magnus""]
[Black ""Nepomniachtchi, Ian""]
[Result ""1-0""]
[Variant ""Chess960""]
[SetUp ""1""]
[FEN ""qrnnbkrb/pppppppp/8/8/8/8/PPPPPPPP/QRNNBKRB w GBgb - 0 1""]
[WhiteElo ""2885""]
[WhiteTitle ""GM""]
[WhiteFideId ""1503014""]
[BlackElo ""2812""]
[BlackTitle ""GM""]
[BlackFideId ""4168119""]
[TimeControl ""40/7200:20/3600:900+30""]
[UTCDate ""2024.11.27""]
[UTCTime ""09:01:25""]
1.",0.0,False,True,Kxd8,/app/games_replication/game9053f2f9-df74-40ad-adaa-6fe89e3f2faf,True,1. g3 g6
6,Stockfish,gpt-3.5-turbo-instruct,1954,?,*,3,1,"[Event ""World Fischer Random 2024""]
[Site ""Los Angeles, USA""]
[Date ""2024.12.01""]
[Round ""5""]
[White ""Carlsen, Magnus""]
[Black ""Nepomniachtchi, Ian""]
[Result ""1-0""]
[Variant ""Chess960""]
[SetUp ""1""]
[FEN ""qrnnbkrb/pppppppp/8/8/8/8/PPPPPPPP/QRNNBKRB w GBgb - 0 1""]
[WhiteElo ""2885""]
[WhiteTitle ""GM""]
[WhiteFideId ""1503014""]
[BlackElo ""2812""]
[BlackTitle ""GM""]
[BlackFideId ""4168119""]
[TimeControl ""40/7200:20/3600:900+30""]
[UTCDate ""2024.11.27""]
[UTCTime ""09:01:25""]
1.",0.0,False,True,Nf6,/app/games_replication/game4010eb99-d1eb-4b3a-b3bf-87c45220af98,True,1. g3 g6 2. a4
7,Stockfish,gpt-3.5-turbo-instruct,1954,?,*,0,1,"[Event ""World Fischer Random 2024""]
[Site ""Los Angeles, USA""]
[Date ""2024.12.01""]
[Round ""5""]
[White ""Carlsen, Magnus""]
[Black ""Nepomniachtchi, Ian""]
[Result ""1-0""]
[Variant ""Chess960""]
[SetUp ""1""]
[FEN ""qrnnbkrb/pppppppp/8/8/8/8/PPPPPPPP/QRNNBKRB w GBgb - 0 1""]
[WhiteElo ""2885""]
[WhiteTitle ""GM""]
[WhiteFideId ""1503014""]
[BlackElo ""2812""]
[BlackTitle ""GM""]
[BlackFideId ""4168119""]
[TimeControl ""40/7200:20/3600:900+30""]
[UTCDate ""2024.11.27""]
[UTCTime ""09:01:25""]
1.",0.0,False,True,-O,/app/games_replication/gamee5b45b6c-f094-4b74-99ec-17f2dc48ba12,True,
8,Stockfish,gpt-3.5-turbo-instruct,1954,?,*,7,1,"[Event ""World Fischer Random 2024""]
[Site ""Los Angeles, USA""]
[Date ""2024.12.01""]
[Round ""5""]
[White ""Carlsen, Magnus""]
[Black ""Nepomniachtchi, Ian""]
[Result ""1-0""]
[Variant ""Chess960""]
[SetUp ""1""]
[FEN ""bqnbnrkr/pppppppp/8/8/8/8/PPPPPPPP/BQNBNRKR w KQkq - 1 0""]
[WhiteElo ""2885""]
[WhiteTitle ""GM""]
[WhiteFideId ""1503014""]
[BlackElo ""2812""]
[BlackTitle ""GM""]
[BlackFideId ""4168119""]
[TimeControl ""40/7200:20/3600:900+30""]
[UTCDate ""2024.11.27""]
[UTCTime ""09:01:25""]
1.",0.0,False,True,Bg7,/app/games_replication/game7da63b4e-8b4a-46ca-b20f-ffc20a9a93ac,True,1. h4 g6 2. h5 gxh5 3. b4 Nf6 4. c4
9,Stockfish,gpt-3.5-turbo-instruct,1954,?,*,9,1,"[Event ""FIDE World Championship Match 2024""]
[Site ""Los Angeles, USA""]
[Date ""2024.12.01""]
[Round ""5""]
[White ""Carlsen, Magnus""]
[Black ""Nepomniachtchi, Ian""]
[Result ""1-0""]
[WhiteElo ""2885""]
[WhiteTitle ""GM""]
[WhiteFideId ""1503014""]
[BlackElo ""2812""]
[BlackTitle ""GM""]
[BlackFideId ""4168119""]
[TimeControl ""40/7200:20/3600:900+30""]
[UTCDate ""2024.11.27""]
[UTCTime ""09:01:25""]
[Variant ""Chess960""]
[SetUp ""1""]
[FEN ""bqnbnrkr/pppppppp/8/8/8/8/PPPPPPPP/BQNBNRKR w KQkq - 1 0""]",0.0,False,True,Nf6,/app/games_replication/game90832e60-aeb0-4558-b1e7-9eaa3aa8bebe,True,1. c4 c6 2. Ncd3 d5 3. c5 Nc7 4. h4 h5 5. Ne5
10,Stockfish,gpt-3.5-turbo-instruct,1954,?,*,11,1,"[Event ""FIDE World Championship Match 2024""]
[Site ""Los Angeles, USA""]
[Date ""2024.12.01""]
[Round ""5""]
[White ""Carlsen, Magnus""]
[Black ""Nepomniachtchi, Ian""]
[Result ""1-0""]
[WhiteElo ""2885""]
[WhiteTitle ""GM""]
[WhiteFideId ""1503014""]
[BlackElo ""2812""]
[BlackTitle ""GM""]
[BlackFideId ""4168119""]
[TimeControl ""40/7200:20/3600:900+30""]
[UTCDate ""2024.11.27""]
[UTCTime ""09:01:25""]
[Variant ""Chess960""]
[SetUp ""1""]
[FEN ""bqnbnrkr/pppppppp/8/8/8/8/PPPPPPPP/BQNBNRKR w KQkq - 1 0""]",0.0,False,True,Bg4,/app/games_replication/game1c4c3eb8-2b3f-4f89-ba17-217b6e0712a8,True,1. c4 c6 2. b4 d5 3. Nb3 Nf6 4. e4 dxe4 5. f3 exf3 6. Nxf3
11,Stockfish,gpt-3.5-turbo-instruct,1954,?,*,7,1,"[Event ""World Fischer Random 2024""]
[Site ""Los Angeles, USA""]
[Date ""2024.12.01""]
[Round ""5""]
[White ""Carlsen, Magnus""]
[Black ""Nepomniachtchi, Ian""]
[Result ""1-0""]
[Variant ""Chess960""]
[SetUp ""1""]
[FEN ""qrnnbkrb/pppppppp/8/8/8/8/PPPPPPPP/QRNNBKRB w GBgb - 0 1""]
[WhiteElo ""2885""]
[WhiteTitle ""GM""]
[WhiteFideId ""1503014""]
[BlackElo ""2812""]
[BlackTitle ""GM""]
[BlackFideId ""4168119""]
[TimeControl ""40/7200:20/3600:900+30""]
[UTCDate ""2024.11.27""]
[UTCTime ""09:01:25""]
1.",0.0,False,True,O-O,/app/games_replication/gamebb5a978f-c786-49c5-acd4-8df1fe15cc1e,True,1. g3 g6 2. d3 Bg7 3. e4 d6 4. Bc3
12,Stockfish,gpt-3.5-turbo-instruct,1954,?,*,99,1,"[Event ""FIDE World Championship Match 2024""]
[Site ""Los Angeles, USA""]
[Date ""2024.12.01""]
[Round ""5""]
[White ""Carlsen, Magnus""]
[Black ""Nepomniachtchi, Ian""]
[Result ""1-0""]
[WhiteElo ""2885""]
[WhiteTitle ""GM""]
[WhiteFideId ""1503014""]
[BlackElo ""2812""]
[BlackTitle ""GM""]
[BlackFideId ""4168119""]
[TimeControl ""40/7200:20/3600:900+30""]
[UTCDate ""2024.11.27""]
[UTCTime ""09:01:25""]
[Variant ""Standard""]",0.0,False,True,1-0,/app/games_replication/game197679cc-c937-4766-819c-766fffb8d620,False,1. Nf3 Nf6 2. g3 g6 3. c4 Bg7 4. Bh3 O-O 5. O-O c5 6. Bg2 Nc6 7. d4 cxd4 8. Nxd4 Qb6 9. Nc2 d6 10. h3 Be6 11. Nba3 Rac8 12. e4 Nd7 13. Re1 Nc5 14. Re3 a5 15. Bd2 Bxb2 16. Rb1 Na4 17. Rb3 Qc5 18. R1xb2 Nxb2 19. Rxb2 Bxc4 20. Be3 Qe5 21. Nxc4 Qe6 22. Nb6 Rcd8 23. a3 Qf6 24. Rb1 Qc3 25. Na4 Qc4 26. Nb6 Qc3 27. a4 e6 28. Bf4 Ne5 29. Ne1 Qc5 30. Bh6 Rfe8 31. Be3 Qc3 32. Rb3 Qc6 33. Nd3 Nc4 34. Nxc4 Qxc4 35. Rb1 Rc8 36. Rc1 Qa2 37. e5 d5 38. Ra1 Qc4 39. Ne1 Qc3 40. Kh2 Rc4 41. Bf1 Rc7 42. Bd4 Qb4 43. Kg2 Rec8 44. Kh2 Rc6 45. Bb5 R6c7 46. h4 h5 47. Nf3 Rc2 48. Kg2 Qb3 49. Bd3 R2c7 50. Qxb3
13,Stockfish,gpt-3.5-turbo-instruct,1954,?,*,1,1,"[Event ""World Fischer Random 2024""]
[Site ""Los Angeles, USA""]
[Date ""2024.12.01""]
[Round ""5""]
[White ""Carlsen, Magnus""]
[Black ""Nepomniachtchi, Ian""]
[Result ""1-0""]
[Variant ""Chess960""]
[SetUp ""1""]
[FEN ""bqnbnrkr/pppppppp/8/8/8/8/PPPPPPPP/BQNBNRKR w KQkq - 1 0""]
[WhiteElo ""2885""]
[WhiteTitle ""GM""]
[WhiteFideId ""1503014""]
[BlackElo ""2812""]
[BlackTitle ""GM""]
[BlackFideId ""4168119""]
[TimeControl ""40/7200:20/3600:900+30""]
[UTCDate ""2024.11.27""]
[UTCTime ""09:01:25""]
1.",0.0,False,True,Nc6,/app/games_replication/game18af3ca6-7836-4c73-a465-fd4c086dbad8,True,1. Ncd3
14,Stockfish,gpt-3.5-turbo-instruct,1954,?,*,7,1,"[Event ""FIDE World Championship Match 2024""]
[Site ""Los Angeles, USA""]
[Date ""2024.12.01""]
[Round ""5""]
[White ""Carlsen, Magnus""]
[Black ""Nepomniachtchi, Ian""]
[Result ""1-0""]
[WhiteElo ""2885""]
[WhiteTitle ""GM""]
[WhiteFideId ""1503014""]
[BlackElo ""2812""]
[BlackTitle ""GM""]
[BlackFideId ""4168119""]
[TimeControl ""40/7200:20/3600:900+30""]
[UTCDate ""2024.11.27""]
[UTCTime ""09:01:25""]
[Variant ""Chess960""]
[SetUp ""1""]
[FEN ""bqnbnrkr/pppppppp/8/8/8/8/PPPPPPPP/BQNBNRKR w KQkq - 1 0""]",0.0,False,True,Nc6,/app/games_replication/game0a018ed3-fbfc-4d00-8460-90f881288e66,True,1. c4 c6 2. h4 d5 3. cxd5 cxd5 4. h5
15,Stockfish,gpt-3.5-turbo-instruct,1954,?,*,23,1,"[Event ""World Fischer Random 2024""]
[Site ""Los Angeles, USA""]
[Date ""2024.12.01""]
[Round ""5""]
[White ""Carlsen, Magnus""]
[Black ""Nepomniachtchi, Ian""]
[Result ""1-0""]
[Variant ""Chess960""]
[SetUp ""1""]
[FEN ""qrnnbkrb/pppppppp/8/8/8/8/PPPPPPPP/QRNNBKRB w GBgb - 0 1""]
[WhiteElo ""2885""]
[WhiteTitle ""GM""]
[WhiteFideId ""1503014""]
[BlackElo ""2812""]
[BlackTitle ""GM""]
[BlackFideId ""4168119""]
[TimeControl ""40/7200:20/3600:900+30""]
[UTCDate ""2024.11.27""]
[UTCTime ""09:01:25""]
1.",0.0,False,True,Nf8,/app/games_replication/game528cbbb5-a60e-493a-9c18-ac6607957409,True,1. g4 g5 2. Nb3 Nb6 3. Ne3 Ne6 4. Rd1 Rd8 5. Qb1 Qb8 6. d4 d5 7. Bf3 c6 8. Rg3 Nf4 9. Bb4 Bg7 10. c3 Qc7 11. Nc5 Nd7 12. Nd3
16,Stockfish,gpt-3.5-turbo-instruct,1954,?,*,11,1,"[Event ""FIDE World Championship Match 2024""]
[Site ""Los Angeles, USA""]
[Date ""2024.12.01""]
[Round ""5""]
[White ""Carlsen, Magnus""]
[Black ""Nepomniachtchi, Ian""]
[Result ""1-0""]
[WhiteElo ""2885""]
[WhiteTitle ""GM""]
[WhiteFideId ""1503014""]
[BlackElo ""2812""]
[BlackTitle ""GM""]
[BlackFideId ""4168119""]
[TimeControl ""40/7200:20/3600:900+30""]
[UTCDate ""2024.11.27""]
[UTCTime ""09:01:25""]
[Variant ""Chess960""]
[SetUp ""1""]
[FEN ""bqnbnrkr/pppppppp/8/8/8/8/PPPPPPPP/BQNBNRKR w KQkq - 1 0""]",0.0,False,True,Qxd4,/app/games_replication/game7a75ff64-8bf2-44b8-a82b-b48d0539ceb1,True,1. c4 c6 2. h4 d5 3. b3 e5 4. Ned3 Nf6 5. Nxe5 d4 6. Bxd4
17,Stockfish,gpt-3.5-turbo-instruct,1954,?,*,1,1,"[Event ""FIDE World Championship Match 2024""]
[Site ""Los Angeles, USA""]
[Date ""2024.12.01""]
[Round ""5""]
[White ""Carlsen, Magnus""]
[Black ""Nepomniachtchi, Ian""]
[Result ""1-0""]
[WhiteElo ""2885""]
[WhiteTitle ""GM""]
[WhiteFideId ""1503014""]
[BlackElo ""2812""]
[BlackTitle ""GM""]
[BlackFideId ""4168119""]
[TimeControl ""40/7200:20/3600:900+30""]
[UTCDate ""2024.11.27""]
[UTCTime ""09:01:25""]
[Variant ""Chess960""]
[SetUp ""1""]
[FEN ""bqnbnrkr/pppppppp/8/8/8/8/PPPPPPPP/BQNBNRKR w KQkq - 1 0""]",0.0,False,True,1.,/app/games_replication/game54e63739-7247-4a63-9c84-18ba697d6670,True,1. b4
18,Stockfish,llama-3.3-70b-versatile,1954,?,*,23,1,"[Event ""FIDE World Championship Match 2024""]
[Site ""Los Angeles, USA""]
[Date ""2024.12.01""]
[Round ""5""]
[White ""Carlsen, Magnus""]
[Black ""Nepomniachtchi, Ian""]
[Result ""1-0""]
[WhiteElo ""2885""]
[WhiteTitle ""GM""]
[WhiteFideId ""1503014""]
[BlackElo ""2812""]
[BlackTitle ""GM""]
[BlackFideId ""4168119""]
[TimeControl ""40/7200:20/3600:900+30""]
[UTCDate ""2024.11.27""]
[UTCTime ""09:01:25""]
[Variant ""Standard""]",0.0,False,True,Qe7,/app/games_replication/game773fcd89-5cb4-4a26-85cf-70bfc7022129,False,1. d4 d5 2. e3 Nf6 3. Nf3 e6 4. Be2 Be7 5. a3 b6 6. b4 a5 7. c3 c5 8. bxa5 bxa5 9. c4 Nc6 10. cxd5 exd5 11. dxc5 Na7 12. Qc2
19,Stockfish,llama-3.3-70b-versatile,1954,?,*,33,1,"[Event ""FIDE World Championship Match 2024""]
[Site ""Los Angeles, USA""]
[Date ""2024.12.01""]
[Round ""5""]
[White ""Carlsen, Magnus""]
[Black ""Nepomniachtchi, Ian""]
[Result ""1-0""]
[WhiteElo ""2885""]
[WhiteTitle ""GM""]
[WhiteFideId ""1503014""]
[BlackElo ""2812""]
[BlackTitle ""GM""]
[BlackFideId ""4168119""]
[TimeControl ""40/7200:20/3600:900+30""]
[UTCDate ""2024.11.27""]
[UTCTime ""09:01:25""]
[Variant ""Standard""]",0.0,False,True,Qe7,/app/games_replication/game211e8f8a-bd24-46f8-9159-a8cee1bd4831,False,1. Nf3 d5 2. d4 Nf6 3. e3 e6 4. c4 c6 5. Nc3 b6 6. Qc2 Be7 7. a3 a6 8. g4 h6 9. Rg1 g5 10. h4 gxh4 11. Bd2 Bb7 12. g5 hxg5 13. Nxg5 Nbd7 14. Nxf7 Kxf7 15. Qg6+ Kf8 16. e4 dxe4 17. Be2
20,Stockfish,llama-3.3-70b-versatile,1954,?,*,17,1,"[Event ""FIDE World Championship Match 2024""]
[Site ""Los Angeles, USA""]
[Date ""2024.12.01""]
[Round ""5""]
[White ""Carlsen, Magnus""]
[Black ""Nepomniachtchi, Ian""]
[Result ""1-0""]
[WhiteElo ""2885""]
[WhiteTitle ""GM""]
[WhiteFideId ""1503014""]
[BlackElo ""2812""]
[BlackTitle ""GM""]
[BlackFideId ""4168119""]
[TimeControl ""40/7200:20/3600:900+30""]
[UTCDate ""2024.11.27""]
[UTCTime ""09:01:25""]
[Variant ""Standard""]",0.0,False,True,Qe7,/app/games_replication/game8557dfe6-074e-4c82-8be6-1127a0726785,False,1. Nf3 d5 2. e3 Nf6 3. c4 e6 4. Be2 Be7 5. d4 Nbd7 6. Nbd2 b6 7. b3 Bb7 8. O-O a6 9. Bb2
21,Stockfish,llama-3.3-70b-versatile,1954,?,*,25,1,"[Event ""FIDE World Championship Match 2024""]
[Site ""Los Angeles, USA""]
[Date ""2024.12.01""]
[Round ""5""]
[White ""Carlsen, Magnus""]
[Black ""Nepomniachtchi, Ian""]
[Result ""1-0""]
[WhiteElo ""2885""]
[WhiteTitle ""GM""]
[WhiteFideId ""1503014""]
[BlackElo ""2812""]
[BlackTitle ""GM""]
[BlackFideId ""4168119""]
[TimeControl ""40/7200:20/3600:900+30""]
[UTCDate ""2024.11.27""]
[UTCTime ""09:01:25""]
[Variant ""Standard""]",0.0,False,True,Kxe2,/app/games_replication/game22ab7881-30da-4982-b02a-c688ea07012c,False,1. e4 e5 2. Nf3 Nc6 3. Bc4 Nf6 4. Ng5 d5 5. exd5 Na5 6. d3 h6 7. Nf3 b6 8. Nxe5 Qe7 9. O-O Bb7 10. Bb5+ c6 11. dxc6 Bxc6 12. Nxc6 Qe2 13. Qxe2+
22,Stockfish,llama-3.3-70b-versatile,1954,?,*,19,1,"[Event ""FIDE World Championship Match 2024""]
[Site ""Los Angeles, USA""]
[Date ""2024.12.01""]
[Round ""5""]
[White ""Carlsen, Magnus""]
[Black ""Nepomniachtchi, Ian""]
[Result ""1-0""]
[WhiteElo ""2885""]
[WhiteTitle ""GM""]
[WhiteFideId ""1503014""]
[BlackElo ""2812""]
[BlackTitle ""GM""]
[BlackFideId ""4168119""]
[TimeControl ""40/7200:20/3600:900+30""]
[UTCDate ""2024.11.27""]
[UTCTime ""09:01:25""]
[Variant ""Standard""]",0.0,False,True,Qe7,/app/games_replication/game026d734d-ac77-4cf1-990e-dfd4177bcb63,False,1. e4 e5 2. d4 exd4 3. Bc4 Nf6 4. Qxd4 Nc6 5. Qd3 d6 6. Nf3 Be7 7. Nc3 a6 8. a3 b5 9. Bd5 Na5 10. Bxa8
23,Stockfish,llama-3.3-70b-versatile,1954,?,*,19,1,"[Event ""FIDE World Championship Match 2024""]
[Site ""Los Angeles, USA""]
[Date ""2024.12.01""]
[Round ""5""]
[White ""Carlsen, Magnus""]
[Black ""Nepomniachtchi, Ian""]
[Result ""1-0""]
[WhiteElo ""2885""]
[WhiteTitle ""GM""]
[WhiteFideId ""1503014""]
[BlackElo ""2812""]
[BlackTitle ""GM""]
[BlackFideId ""4168119""]
[TimeControl ""40/7200:20/3600:900+30""]
[UTCDate ""2024.11.27""]
[UTCTime ""09:01:25""]
[Variant ""Standard""]",0.0,False,True,Nxb4,/app/games_replication/game79050954-eb09-4069-913a-5e5487e502fe,False,1. d4 d5 2. Nf3 Nf6 3. e3 e6 4. a3 c5 5. Be2 Nc6 6. dxc5 Qc7 7. b4 a5 8. c3 axb4 9. Bb2 Na5 10. axb4
24,Stockfish,llama-3.3-70b-versatile,1954,?,*,1,1,"[Event ""FIDE World Championship Match 2024""]
[Site ""Los Angeles, USA""]
[Date ""2024.12.01""]
[Round ""5""]
[White ""Carlsen, Magnus""]
[Black ""Nepomniachtchi, Ian""]
[Result ""1-0""]
[WhiteElo ""2885""]
[WhiteTitle ""GM""]
[WhiteFideId ""1503014""]
[BlackElo ""2812""]
[BlackTitle ""GM""]
[BlackFideId ""4168119""]
[TimeControl ""40/7200:20/3600:900+30""]
[UTCDate ""2024.11.27""]
[UTCTime ""09:01:25""]
[Variant ""Chess960""]
[SetUp ""1""]
[FEN ""bqnbnrkr/pppppppp/8/8/8/8/PPPPPPPP/BQNBNRKR w KQkq - 1 0""]",0.0,False,True,Since,/app/games_replication/gamea49ec760-cc89-42e3-95c0-5e4f1dda9393,True,1. c4
25,Stockfish,llama-3.3-70b-versatile,1954,?,*,21,1,"[Event ""FIDE World Championship Match 2024""]
[Site ""Los Angeles, USA""]
[Date ""2024.12.01""]
[Round ""5""]
[White ""Carlsen, Magnus""]
[Black ""Nepomniachtchi, Ian""]
[Result ""1-0""]
[WhiteElo ""2885""]
[WhiteTitle ""GM""]
[WhiteFideId ""1503014""]
[BlackElo ""2812""]
[BlackTitle ""GM""]
[BlackFideId ""4168119""]
[TimeControl ""40/7200:20/3600:900+30""]
[UTCDate ""2024.11.27""]
[UTCTime ""09:01:25""]
[Variant ""Standard""]",0.0,False,True,Qe7,/app/games_replication/game6594b936-89ad-4f45-856f-08df4b18078f,False,1. e4 e5 2. d4 exd4 3. Bc4 Nf6 4. Qxd4 Nc6 5. Qd1 d6 6. Bg5 h6 7. Bh4 g5 8. Bg3 Be7 9. Qe2 a6 10. h4 gxh4 11. Bxh4
26,Stockfish,llama-3.3-70b-versatile,1954,?,*,1,1,"[Event ""FIDE World Championship Match 2024""]
[Site ""Los Angeles, USA""]
[Date ""2024.12.01""]
[Round ""5""]
[White ""Carlsen, Magnus""]
[Black ""Nepomniachtchi, Ian""]
[Result ""1-0""]
[WhiteElo ""2885""]
[WhiteTitle ""GM""]
[WhiteFideId ""1503014""]
[BlackElo ""2812""]
[BlackTitle ""GM""]
[BlackFideId ""4168119""]
[TimeControl ""40/7200:20/3600:900+30""]
[UTCDate ""2024.11.27""]
[UTCTime ""09:01:25""]
[Variant ""Chess960""]
[SetUp ""1""]
[FEN ""bqnbnrkr/pppppppp/8/8/8/8/PPPPPPPP/BQNBNRKR w KQkq - 1 0""]",0.0,False,True,Since,/app/games_replication/game5a0678ba-4356-4c2c-86db-86d7af0bd15b,True,1. c4
27,Stockfish,llama-3.3-70b-versatile,1954,?,*,11,1,"[Event ""FIDE World Championship Match 2024""]
[Site ""Los Angeles, USA""]
[Date ""2024.12.01""]
[Round ""5""]
[White ""Carlsen, Magnus""]
[Black ""Nepomniachtchi, Ian""]
[Result ""1-0""]
[WhiteElo ""2885""]
[WhiteTitle ""GM""]
[WhiteFideId ""1503014""]
[BlackElo ""2812""]
[BlackTitle ""GM""]
[BlackFideId ""4168119""]
[TimeControl ""40/7200:20/3600:900+30""]
[UTCDate ""2024.11.27""]
[UTCTime ""09:01:25""]
[Variant ""Standard""]",0.0,False,True,Qe7,/app/games_replication/gamea014e213-35f0-44f0-ad94-3e4a1c5ff4e2,False,1. c4 e5 2. Nc3 Nf6 3. g3 d6 4. e4 Nc6 5. Bg2 Be7 6. d3
28,Stockfish,llama-3.3-70b-versatile,1954,?,*,1,1,"[Event ""FIDE World Championship Match 2024""]
[Site ""Los Angeles, USA""]
[Date ""2024.12.01""]
[Round ""5""]
[White ""Carlsen, Magnus""]
[Black ""Nepomniachtchi, Ian""]
[Result ""1-0""]
[WhiteElo ""2885""]
[WhiteTitle ""GM""]
[WhiteFideId ""1503014""]
[BlackElo ""2812""]
[BlackTitle ""GM""]
[BlackFideId ""4168119""]
[TimeControl ""40/7200:20/3600:900+30""]
[UTCDate ""2024.11.27""]
[UTCTime ""09:01:25""]
[Variant ""Chess960""]
[SetUp ""1""]
[FEN ""bqnbnrkr/pppppppp/8/8/8/8/PPPPPPPP/BQNBNRKR w KQkq - 1 0""]",0.0,False,True,The,/app/games_replication/game86d6f144-3e69-4f0e-8fc6-c4e398dd16df,True,1. Ncd3
29,Stockfish,llama-3.3-70b-versatile,1954,?,*,1,1,"[Event ""FIDE World Championship Match 2024""]
[Site ""Los Angeles, USA""]
[Date ""2024.12.01""]
[Round ""5""]
[White ""Carlsen, Magnus""]
[Black ""Nepomniachtchi, Ian""]
[Result ""1-0""]
[WhiteElo ""2885""]
[WhiteTitle ""GM""]
[WhiteFideId ""1503014""]
[BlackElo ""2812""]
[BlackTitle ""GM""]
[BlackFideId ""4168119""]
[TimeControl ""40/7200:20/3600:900+30""]
[UTCDate ""2024.11.27""]
[UTCTime ""09:01:25""]
[Variant ""Chess960""]
[SetUp ""1""]
[FEN ""bqnbnrkr/pppppppp/8/8/8/8/PPPPPPPP/BQNBNRKR w KQkq - 1 0""]",0.0,False,True,Since,/app/games_replication/game44859d4a-86e2-4f5d-8735-a469844de9e8,True,1. c4
30,Stockfish,llama-3.3-70b-versatile,1954,?,*,23,1,"[Event ""FIDE World Championship Match 2024""]
[Site ""Los Angeles, USA""]
[Date ""2024.12.01""]
[Round ""5""]
[White ""Carlsen, Magnus""]
[Black ""Nepomniachtchi, Ian""]
[Result ""1-0""]
[WhiteElo ""2885""]
[WhiteTitle ""GM""]
[WhiteFideId ""1503014""]
[BlackElo ""2812""]
[BlackTitle ""GM""]
[BlackFideId ""4168119""]
[TimeControl ""40/7200:20/3600:900+30""]
[UTCDate ""2024.11.27""]
[UTCTime ""09:01:25""]
[Variant ""Standard""]",0.0,False,True,b5,/app/games_replication/game7b605dd1-599d-4652-8c8d-3d0254d962a8,False,1. d4 d5 2. c4 e6 3. Nc3 Nf6 4. cxd5 exd5 5. Nf3 Be7 6. Bg5 h6 7. Bh4 g5 8. Bg3 Nh5 9. Qb3 Na6 10. e3 b6 11. Bb5+ c6 12. Bxc6+
31,Stockfish,llama-3.3-70b-versatile,1954,?,*,1,1,"[Event ""FIDE World Championship Match 2024""]
[Site ""Los Angeles, USA""]
[Date ""2024.12.01""]
[Round ""5""]
[White ""Carlsen, Magnus""]
[Black ""Nepomniachtchi, Ian""]
[Result ""1-0""]
[WhiteElo ""2885""]
[WhiteTitle ""GM""]
[WhiteFideId ""1503014""]
[BlackElo ""2812""]
[BlackTitle ""GM""]
[BlackFideId ""4168119""]
[TimeControl ""40/7200:20/3600:900+30""]
[UTCDate ""2024.11.27""]
[UTCTime ""09:01:25""]
[Variant ""Chess960""]
[SetUp ""1""]
[FEN ""bqnbnrkr/pppppppp/8/8/8/8/PPPPPPPP/BQNBNRKR w KQkq - 1 0""]",0.0,False,True,Since,/app/games_replication/game50e4e82c-d551-4f7d-86a6-ad149ed5549d,True,1. c4
32,Stockfish,llama-3.3-70b-versatile,1954,?,*,1,1,"[Event ""FIDE World Championship Match 2024""]
[Site ""Los Angeles, USA""]
[Date ""2024.12.01""]
[Round ""5""]
[White ""Carlsen, Magnus""]
[Black ""Nepomniachtchi, Ian""]
[Result ""1-0""]
[WhiteElo ""2885""]
[WhiteTitle ""GM""]
[WhiteFideId ""1503014""]
[BlackElo ""2812""]
[BlackTitle ""GM""]
[BlackFideId ""4168119""]
[TimeControl ""40/7200:20/3600:900+30""]
[UTCDate ""2024.11.27""]
[UTCTime ""09:01:25""]
[Variant ""Chess960""]
[SetUp ""1""]
[FEN ""bqnbnrkr/pppppppp/8/8/8/8/PPPPPPPP/BQNBNRKR w KQkq - 1 0""]",0.0,False,True,Since,/app/games_replication/gamec2b8682e-e289-4ef3-8c73-e4c2f7fbcb26,True,1. c4
33,Stockfish,llama-3.3-70b-versatile,1954,?,*,17,1,"[Event ""FIDE World Championship Match 2024""]
[Site ""Los Angeles, USA""]
[Date ""2024.12.01""]
[Round ""5""]
[White ""Carlsen, Magnus""]
[Black ""Nepomniachtchi, Ian""]
[Result ""1-0""]
[WhiteElo ""2885""]
[WhiteTitle ""GM""]
[WhiteFideId ""1503014""]
[BlackElo ""2812""]
[BlackTitle ""GM""]
[BlackFideId ""4168119""]
[TimeControl ""40/7200:20/3600:900+30""]
[UTCDate ""2024.11.27""]
[UTCTime ""09:01:25""]
[Variant ""Standard""]",0.0,False,True,Qe7,/app/games_replication/game9b7a671c-21a4-4fc4-81aa-dfead5ab7211,False,1. d4 d5 2. Nd2 Nf6 3. e3 e6 4. Ngf3 Be7 5. b3 b6 6. Bd3 c5 7. O-O Nc6 8. Qe2 a6 9. Bb2
34,Stockfish,llama-3.3-70b-versatile,1954,?,*,1,1,"[Event ""FIDE World Championship Match 2024""]
[Site ""Los Angeles, USA""]
[Date ""2024.12.01""]
[Round ""5""]
[White ""Carlsen, Magnus""]
[Black ""Nepomniachtchi, Ian""]
[Result ""1-0""]
[WhiteElo ""2885""]
[WhiteTitle ""GM""]
[WhiteFideId ""1503014""]
[BlackElo ""2812""]
[BlackTitle ""GM""]
[BlackFideId ""4168119""]
[TimeControl ""40/7200:20/3600:900+30""]
[UTCDate ""2024.11.27""]
[UTCTime ""09:01:25""]
[Variant ""Chess960""]
[SetUp ""1""]
[FEN ""bqnbnrkr/pppppppp/8/8/8/8/PPPPPPPP/BQNBNRKR w KQkq - 1 0""]",0.0,False,True,A,/app/games_replication/gamed1a6f811-f041-416e-a3de-7ffce7647569,True,1. h4
35,Stockfish,llama-3.3-70b-versatile,1954,?,*,1,1,"[Event ""FIDE World Championship Match 2024""]
[Site ""Los Angeles, USA""]
[Date ""2024.12.01""]
[Round ""5""]
[White ""Carlsen, Magnus""]
[Black ""Nepomniachtchi, Ian""]
[Result ""1-0""]
[WhiteElo ""2885""]
[WhiteTitle ""GM""]
[WhiteFideId ""1503014""]
[BlackElo ""2812""]
[BlackTitle ""GM""]
[BlackFideId ""4168119""]
[TimeControl ""40/7200:20/3600:900+30""]
[UTCDate ""2024.11.27""]
[UTCTime ""09:01:25""]
[Variant ""Chess960""]
[SetUp ""1""]
[FEN ""bqnbnrkr/pppppppp/8/8/8/8/PPPPPPPP/BQNBNRKR w KQkq - 1 0""]",0.0,False,True,A,/app/games_replication/gamea7ba41d6-57e5-4f68-946e-7c3309aa5d2c,True,1. h4
36,Stockfish,llama-3.3-70b-versatile,1954,?,*,19,1,"[Event ""FIDE World Championship Match 2024""]
[Site ""Los Angeles, USA""]
[Date ""2024.12.01""]
[Round ""5""]
[White ""Carlsen, Magnus""]
[Black ""Nepomniachtchi, Ian""]
[Result ""1-0""]
[WhiteElo ""2885""]
[WhiteTitle ""GM""]
[WhiteFideId ""1503014""]
[BlackElo ""2812""]
[BlackTitle ""GM""]
[BlackFideId ""4168119""]
[TimeControl ""40/7200:20/3600:900+30""]
[UTCDate ""2024.11.27""]
[UTCTime ""09:01:25""]
[Variant ""Standard""]",0.0,False,True,Qe7,/app/games_replication/game834eed63-f01b-426b-906c-f29a2a31d1df,False,1. e4 e5 2. Bc4 Nf6 3. Nc3 Nc6 4. a4 d6 5. h3 Be7 6. Nf3 Na5 7. Bb5+ c6 8. Bf1 b5 9. b4 Nc4 10. Bd3
37,Stockfish,llama-3.3-70b-versatile,1954,?,*,1,1,"[Event ""FIDE World Championship Match 2024""]
[Site ""Los Angeles, USA""]
[Date ""2024.12.01""]
[Round ""5""]
[White ""Carlsen, Magnus""]
[Black ""Nepomniachtchi, Ian""]
[Result ""1-0""]
[WhiteElo ""2885""]
[WhiteTitle ""GM""]
[WhiteFideId ""1503014""]
[BlackElo ""2812""]
[BlackTitle ""GM""]
[BlackFideId ""4168119""]
[TimeControl ""40/7200:20/3600:900+30""]
[UTCDate ""2024.11.27""]
[UTCTime ""09:01:25""]
[Variant ""Chess960""]
[SetUp ""1""]
[FEN ""bqnbnrkr/pppppppp/8/8/8/8/PPPPPPPP/BQNBNRKR w KQkq - 1 0""]",0.0,False,True,Since,/app/games_replication/game8c8210ee-71c2-4698-8962-c9f7e99ae2b0,True,1. c4
38,Stockfish,llama-3.3-70b-versatile,1954,?,*,17,1,"[Event ""FIDE World Championship Match 2024""]
[Site ""Los Angeles, USA""]
[Date ""2024.12.01""]
[Round ""5""]
[White ""Carlsen, Magnus""]
[Black ""Nepomniachtchi, Ian""]
[Result ""1-0""]
[WhiteElo ""2885""]
[WhiteTitle ""GM""]
[WhiteFideId ""1503014""]
[BlackElo ""2812""]
[BlackTitle ""GM""]
[BlackFideId ""4168119""]
[TimeControl ""40/7200:20/3600:900+30""]
[UTCDate ""2024.11.27""]
[UTCTime ""09:01:25""]
[Variant ""Standard""]",0.0,False,True,Be7,/app/games_replication/game0fd2c14d-44f2-404d-b321-dd9276e4f89e,False,1. e4 e5 2. Nf3 Nc6 3. Bb5 a6 4. Ba4 Nf6 5. Bxc6 bxc6 6. d4 exd4 7. e5 Qe7 8. c3 dxc3 9. O-O
39,Stockfish,llama-3.3-70b-versatile,1954,?,*,23,1,"[Event ""FIDE World Championship Match 2024""]
[Site ""Los Angeles, USA""]
[Date ""2024.12.01""]
[Round ""5""]
[White ""Carlsen, Magnus""]
[Black ""Nepomniachtchi, Ian""]
[Result ""1-0""]
[WhiteElo ""2885""]
[WhiteTitle ""GM""]
[WhiteFideId ""1503014""]
[BlackElo ""2812""]
[BlackTitle ""GM""]
[BlackFideId ""4168119""]
[TimeControl ""40/7200:20/3600:900+30""]
[UTCDate ""2024.11.27""]
[UTCTime ""09:01:25""]
[Variant ""Standard""]",0.0,False,True,Bxe2,/app/games_replication/gamecc865068-3f4a-490a-95ba-39db52232bff,False,1. e4 e5 2. Nf3 Nc6 3. Bc4 Nf6 4. d4 exd4 5. e5 Qe7 6. Bg5 d5 7. Bxd5 Na5 8. Qd2 h6 9. Kd1 b6 10. exf6 gxf6 11. Bh4 Qe2+ 12. Qxe2+
40,Stockfish,llama-3.3-70b-versatile,1954,?,*,21,1,"[Event ""FIDE World Championship Match 2024""]
[Site ""Los Angeles, USA""]
[Date ""2024.12.01""]
[Round ""5""]
[White ""Carlsen, Magnus""]
[Black ""Nepomniachtchi, Ian""]
[Result ""1-0""]
[WhiteElo ""2885""]
[WhiteTitle ""GM""]
[WhiteFideId ""1503014""]
[BlackElo ""2812""]
[BlackTitle ""GM""]
[BlackFideId ""4168119""]
[TimeControl ""40/7200:20/3600:900+30""]
[UTCDate ""2024.11.27""]
[UTCTime ""09:01:25""]
[Variant ""Standard""]",0.0,False,True,bxc6,/app/games_replication/gamebf98dbb4-a65e-4e1f-b278-764e274b33ae,False,1. c4 e5 2. Nc3 Nf6 3. d4 exd4 4. Nd5 Nc6 5. g3 Be7 6. Bg2 d6 7. Nxe7 Qxe7 8. b4 a6 9. Bb2 b5 10. cxb5 axb5 11. Bxc6+
41,Stockfish,llama-3.3-70b-versatile,1954,?,*,1,1,"[Event ""FIDE World Championship Match 2024""]
[Site ""Los Angeles, USA""]
[Date ""2024.12.01""]
[Round ""5""]
[White ""Carlsen, Magnus""]
[Black ""Nepomniachtchi, Ian""]
[Result ""1-0""]
[WhiteElo ""2885""]
[WhiteTitle ""GM""]
[WhiteFideId ""1503014""]
[BlackElo ""2812""]
[BlackTitle ""GM""]
[BlackFideId ""4168119""]
[TimeControl ""40/7200:20/3600:900+30""]
[UTCDate ""2024.11.27""]
[UTCTime ""09:01:25""]
[Variant ""Chess960""]
[SetUp ""1""]
[FEN ""bqnbnrkr/pppppppp/8/8/8/8/PPPPPPPP/BQNBNRKR w KQkq - 1 0""]",0.0,False,True,Since,/app/games_replication/game9225f24d-eac8-4499-8fd1-a8bb22272e2e,True,1. c4
42,Stockfish,llama-3.3-70b-versatile,1954,?,*,1,1,"[Event ""FIDE World Championship Match 2024""]
[Site ""Los Angeles, USA""]
[Date ""2024.12.01""]
[Round ""5""]
[White ""Carlsen, Magnus""]
[Black ""Nepomniachtchi, Ian""]
[Result ""1-0""]
[WhiteElo ""2885""]
[WhiteTitle ""GM""]
[WhiteFideId ""1503014""]
[BlackElo ""2812""]
[BlackTitle ""GM""]
[BlackFideId ""4168119""]
[TimeControl ""40/7200:20/3600:900+30""]
[UTCDate ""2024.11.27""]
[UTCTime ""09:01:25""]
[Variant ""Chess960""]
[SetUp ""1""]
[FEN ""bqnbnrkr/pppppppp/8/8/8/8/PPPPPPPP/BQNBNRKR w KQkq - 1 0""]",0.0,False,True,Since,/app/games_replication/game44161eee-865d-4239-822a-d1696354e566,True,1. c4
43,Stockfish,llama-3.3-70b-versatile,1954,?,*,1,1,"[Event ""FIDE World Championship Match 2024""]
[Site ""Los Angeles, USA""]
[Date ""2024.12.01""]
[Round ""5""]
[White ""Carlsen, Magnus""]
[Black ""Nepomniachtchi, Ian""]
[Result ""1-0""]
[WhiteElo ""2885""]
[WhiteTitle ""GM""]
[WhiteFideId ""1503014""]
[BlackElo ""2812""]
[BlackTitle ""GM""]
[BlackFideId ""4168119""]
[TimeControl ""40/7200:20/3600:900+30""]
[UTCDate ""2024.11.27""]
[UTCTime ""09:01:25""]
[Variant ""Chess960""]
[SetUp ""1""]
[FEN ""bqnbnrkr/pppppppp/8/8/8/8/PPPPPPPP/BQNBNRKR w KQkq - 1 0""]",0.0,False,True,The,/app/games_replication/game40b2d9c1-2c7b-42b4-b97f-2682a6b47e4e,True,1. Ncd3
44,Stockfish,llama-3.3-70b-versatile,1954,?,*,17,1,"[Event ""FIDE World Championship Match 2024""]
[Site ""Los Angeles, USA""]
[Date ""2024.12.01""]
[Round ""5""]
[White ""Carlsen, Magnus""]
[Black ""Nepomniachtchi, Ian""]
[Result ""1-0""]
[WhiteElo ""2885""]
[WhiteTitle ""GM""]
[WhiteFideId ""1503014""]
[BlackElo ""2812""]
[BlackTitle ""GM""]
[BlackFideId ""4168119""]
[TimeControl ""40/7200:20/3600:900+30""]
[UTCDate ""2024.11.27""]
[UTCTime ""09:01:25""]
[Variant ""Standard""]",0.0,False,True,bxc6,/app/games_replication/game36f1d570-f836-4a89-b381-f2be69bc32dc,False,1. d4 d5 2. Nf3 Nf6 3. c4 e6 4. Nc3 Be7 5. cxd5 exd5 6. h3 b6 7. Bf4 Ba6 8. Qa4+ Nc6 9. Qxc6+
45,Stockfish,llama-3.3-70b-versatile,1954,?,*,1,1,"[Event ""FIDE World Championship Match 2024""]
[Site ""Los Angeles, USA""]
[Date ""2024.12.01""]
[Round ""5""]
[White ""Carlsen, Magnus""]
[Black ""Nepomniachtchi, Ian""]
[Result ""1-0""]
[WhiteElo ""2885""]
[WhiteTitle ""GM""]
[WhiteFideId ""1503014""]
[BlackElo ""2812""]
[BlackTitle ""GM""]
[BlackFideId ""4168119""]
[TimeControl ""40/7200:20/3600:900+30""]
[UTCDate ""2024.11.27""]
[UTCTime ""09:01:25""]
[Variant ""Chess960""]
[SetUp ""1""]
[FEN ""bqnbnrkr/pppppppp/8/8/8/8/PPPPPPPP/BQNBNRKR w KQkq - 1 0""]",0.0,False,True,Since,/app/games_replication/game3079dd41-24e7-4dee-8453-e4386c36cb48,True,1. c4
46,Stockfish,llama-3.3-70b-versatile,1954,?,*,35,1,"[Event ""FIDE World Championship Match 2024""]
[Site ""Los Angeles, USA""]
[Date ""2024.12.01""]
[Round ""5""]
[White ""Carlsen, Magnus""]
[Black ""Nepomniachtchi, Ian""]
[Result ""1-0""]
[WhiteElo ""2885""]
[WhiteTitle ""GM""]
[WhiteFideId ""1503014""]
[BlackElo ""2812""]
[BlackTitle ""GM""]
[BlackFideId ""4168119""]
[TimeControl ""40/7200:20/3600:900+30""]
[UTCDate ""2024.11.27""]
[UTCTime ""09:01:25""]
[Variant ""Standard""]",0.0,False,True,Kd8,/app/games_replication/gamed3d35ced-5c0f-468d-ae2d-ed4213b21bf9,False,1. e4 e5 2. d4 exd4 3. Ne2 Nc6 4. Nxd4 Nf6 5. Nc3 Bc5 6. Be3 Qe7 7. Bc4 a6 8. Nf5 Qe5 9. f4 Qxe4 10. Nxe4 Nxe4 11. Bxc5 d6 12. Nxg7+ Kd7 13. Bf2 b5 14. Bd5 Na5 15. Bxe4 b4 16. Qh5 Ke7 17. b3 c5 18. Bh4+
47,Stockfish,llama-3.3-70b-versatile,1954,?,*,1,1,"[Event ""FIDE World Championship Match 2024""]
[Site ""Los Angeles, USA""]
[Date ""2024.12.01""]
[Round ""5""]
[White ""Carlsen, Magnus""]
[Black ""Nepomniachtchi, Ian""]
[Result ""1-0""]
[WhiteElo ""2885""]
[WhiteTitle ""GM""]
[WhiteFideId ""1503014""]
[BlackElo ""2812""]
[BlackTitle ""GM""]
[BlackFideId ""4168119""]
[TimeControl ""40/7200:20/3600:900+30""]
[UTCDate ""2024.11.27""]
[UTCTime ""09:01:25""]
[Variant ""Chess960""]
[SetUp ""1""]
[FEN ""bqnbnrkr/pppppppp/8/8/8/8/PPPPPPPP/BQNBNRKR w KQkq - 1 0""]",0.0,False,True,Since,/app/games_replication/game8f45876e-7786-43b9-9441-0598f655a6f0,True,1. c4
48,Stockfish,llama-3.3-70b-versatile,1954,?,*,1,1,"[Event ""FIDE World Championship Match 2024""]
[Site ""Los Angeles, USA""]
[Date ""2024.12.01""]
[Round ""5""]
[White ""Carlsen, Magnus""]
[Black ""Nepomniachtchi, Ian""]
[Result ""1-0""]
[WhiteElo ""2885""]
[WhiteTitle ""GM""]
[WhiteFideId ""1503014""]
[BlackElo ""2812""]
[BlackTitle ""GM""]
[BlackFideId ""4168119""]
[TimeControl ""40/7200:20/3600:900+30""]
[UTCDate ""2024.11.27""]
[UTCTime ""09:01:25""]
[Variant ""Chess960""]
[SetUp ""1""]
[FEN ""bqnbnrkr/pppppppp/8/8/8/8/PPPPPPPP/BQNBNRKR w KQkq - 1 0""]",0.0,False,True,Since,/app/games_replication/game034f7a8c-daff-4039-853d-11d92f627e93,True,1. c4
49,Stockfish,llama-3.3-70b-versatile,1954,?,*,1,1,"[Event ""FIDE World Championship Match 2024""]
[Site ""Los Angeles, USA""]
[Date ""2024.12.01""]
[Round ""5""]
[White ""Carlsen, Magnus""]
[Black ""Nepomniachtchi, Ian""]
[Result ""1-0""]
[WhiteElo ""2885""]
[WhiteTitle ""GM""]
[WhiteFideId ""1503014""]
[BlackElo ""2812""]
[BlackTitle ""GM""]
[BlackFideId ""4168119""]
[TimeControl ""40/7200:20/3600:900+30""]
[UTCDate ""2024.11.27""]
[UTCTime ""09:01:25""]
[Variant ""Chess960""]
[SetUp ""1""]
[FEN ""bqnbnrkr/pppppppp/8/8/8/8/PPPPPPPP/BQNBNRKR w KQkq - 1 0""]",0.0,False,True,The,/app/games_replication/game49237194-4114-4f6c-bd28-8136af32f8ff,True,1. b4
50,Stockfish,llama-3.3-70b-versatile,1954,?,*,1,1,"[Event ""FIDE World Championship Match 2024""]
[Site ""Los Angeles, USA""]
[Date ""2024.12.01""]
[Round ""5""]
[White ""Carlsen, Magnus""]
[Black ""Nepomniachtchi, Ian""]
[Result ""1-0""]
[WhiteElo ""2885""]
[WhiteTitle ""GM""]
[WhiteFideId ""1503014""]
[BlackElo ""2812""]
[BlackTitle ""GM""]
[BlackFideId ""4168119""]
[TimeControl ""40/7200:20/3600:900+30""]
[UTCDate ""2024.11.27""]
[UTCTime ""09:01:25""]
[Variant ""Chess960""]
[SetUp ""1""]
[FEN ""bqnbnrkr/pppppppp/8/8/8/8/PPPPPPPP/BQNBNRKR w KQkq - 1 0""]",0.0,False,True,A,/app/games_replication/game00aa89b6-e647-4679-a00e-1a5b9975be62,True,1. h4
51,Stockfish,llama-3.3-70b-versatile,1954,?,*,1,1,"[Event ""FIDE World Championship Match 2024""]
[Site ""Los Angeles, USA""]
[Date ""2024.12.01""]
[Round ""5""]
[White ""Carlsen, Magnus""]
[Black ""Nepomniachtchi, Ian""]
[Result ""1-0""]
[WhiteElo ""2885""]
[WhiteTitle ""GM""]
[WhiteFideId ""1503014""]
[BlackElo ""2812""]
[BlackTitle ""GM""]
[BlackFideId ""4168119""]
[TimeControl ""40/7200:20/3600:900+30""]
[UTCDate ""2024.11.27""]
[UTCTime ""09:01:25""]
[Variant ""Chess960""]
[SetUp ""1""]
[FEN ""bqnbnrkr/pppppppp/8/8/8/8/PPPPPPPP/BQNBNRKR w KQkq - 1 0""]",0.0,False,True,A,/app/games_replication/gamee2930419-4f98-45eb-a87a-30b3347df2ab,True,1. h4
52,Stockfish,llama-3.3-70b-versatile,1954,?,*,1,1,"[Event ""FIDE World Championship Match 2024""]
[Site ""Los Angeles, USA""]
[Date ""2024.12.01""]
[Round ""5""]
[White ""Carlsen, Magnus""]
[Black ""Nepomniachtchi, Ian""]
[Result ""1-0""]
[WhiteElo ""2885""]
[WhiteTitle ""GM""]
[WhiteFideId ""1503014""]
[BlackElo ""2812""]
[BlackTitle ""GM""]
[BlackFideId ""4168119""]
[TimeControl ""40/7200:20/3600:900+30""]
[UTCDate ""2024.11.27""]
[UTCTime ""09:01:25""]
[Variant ""Chess960""]
[SetUp ""1""]
[FEN ""bqnbnrkr/pppppppp/8/8/8/8/PPPPPPPP/BQNBNRKR w KQkq - 1 0""]",0.0,False,True,A,/app/games_replication/gamefb4d1012-8d49-4ee7-89b8-f008ca80daa2,True,1. h4
53,Stockfish,llama-3.3-70b-versatile,1954,?,*,15,1,"[Event ""FIDE World Championship Match 2024""]
[Site ""Los Angeles, USA""]
[Date ""2024.12.01""]
[Round ""5""]
[White ""Carlsen, Magnus""]
[Black ""Nepomniachtchi, Ian""]
[Result ""1-0""]
[WhiteElo ""2885""]
[WhiteTitle ""GM""]
[WhiteFideId ""1503014""]
[BlackElo ""2812""]
[BlackTitle ""GM""]
[BlackFideId ""4168119""]
[TimeControl ""40/7200:20/3600:900+30""]
[UTCDate ""2024.11.27""]
[UTCTime ""09:01:25""]
[Variant ""Standard""]",0.0,False,True,Qe7,/app/games_replication/gamefb1a6f78-6880-4a29-83e4-b3a31186e61b,False,1. e4 e5 2. Nc3 Nf6 3. a3 d6 4. Nf3 Nc6 5. Be2 Be7 6. d4 exd4 7. Na2 a5 8. Bb5
54,Stockfish,llama-3.3-70b-versatile,1954,?,*,1,1,"[Event ""FIDE World Championship Match 2024""]
[Site ""Los Angeles, USA""]
[Date ""2024.12.01""]
[Round ""5""]
[White ""Carlsen, Magnus""]
[Black ""Nepomniachtchi, Ian""]
[Result ""1-0""]
[WhiteElo ""2885""]
[WhiteTitle ""GM""]
[WhiteFideId ""1503014""]
[BlackElo ""2812""]
[BlackTitle ""GM""]
[BlackFideId ""4168119""]
[TimeControl ""40/7200:20/3600:900+30""]
[UTCDate ""2024.11.27""]
[UTCTime ""09:01:25""]
[Variant ""Chess960""]
[SetUp ""1""]
[FEN ""bqnbnrkr/pppppppp/8/8/8/8/PPPPPPPP/BQNBNRKR w KQkq - 1 0""]",0.0,False,True,Since,/app/games_replication/gamed343b9f9-d904-4bba-84a3-337a2ec04c7b,True,1. c4
55,Stockfish,llama-3.3-70b-versatile,1954,?,*,17,1,"[Event ""FIDE World Championship Match 2024""]
[Site ""Los Angeles, USA""]
[Date ""2024.12.01""]
[Round ""5""]
[White ""Carlsen, Magnus""]
[Black ""Nepomniachtchi, Ian""]
[Result ""1-0""]
[WhiteElo ""2885""]
[WhiteTitle ""GM""]
[WhiteFideId ""1503014""]
[BlackElo ""2812""]
[BlackTitle ""GM""]
[BlackFideId ""4168119""]
[TimeControl ""40/7200:20/3600:900+30""]
[UTCDate ""2024.11.27""]
[UTCTime ""09:01:25""]
[Variant ""Standard""]",0.0,False,True,Qe7,/app/games_replication/gamee93378b5-33de-40be-8d4a-4a9f762287dd,False,1. e4 e5 2. Nc3 Nf6 3. f4 exf4 4. Nf3 d6 5. d4 Bd7 6. Be2 Be7 7. Bxf4 Na6 8. e5 dxe5 9. dxe5
56,Stockfish,llama-3.3-70b-versatile,1954,?,*,23,1,"[Event ""FIDE World Championship Match 2024""]
[Site ""Los Angeles, USA""]
[Date ""2024.12.01""]
[Round ""5""]
[White ""Carlsen, Magnus""]
[Black ""Nepomniachtchi, Ian""]
[Result ""1-0""]
[WhiteElo ""2885""]
[WhiteTitle ""GM""]
[WhiteFideId ""1503014""]
[BlackElo ""2812""]
[BlackTitle ""GM""]
[BlackFideId ""4168119""]
[TimeControl ""40/7200:20/3600:900+30""]
[UTCDate ""2024.11.27""]
[UTCTime ""09:01:25""]
[Variant ""Standard""]",0.0,False,True,Qxe2,/app/games_replication/gamee8bec019-a2f1-41ba-9521-8394d50be002,False,1. Nf3 d5 2. d4 Nf6 3. e3 e6 4. a3 c5 5. dxc5 Bxc5 6. b3 a6 7. Be2 b5 8. c4 b4 9. Bd2 Nc6 10. cxd5 exd5 11. axb4 Qe7 12. bxc5
57,Stockfish,llama-3.3-70b-versatile,1954,?,*,21,1,"[Event ""FIDE World Championship Match 2024""]
[Site ""Los Angeles, USA""]
[Date ""2024.12.01""]
[Round ""5""]
[White ""Carlsen, Magnus""]
[Black ""Nepomniachtchi, Ian""]
[Result ""1-0""]
[WhiteElo ""2885""]
[WhiteTitle ""GM""]
[WhiteFideId ""1503014""]
[BlackElo ""2812""]
[BlackTitle ""GM""]
[BlackFideId ""4168119""]
[TimeControl ""40/7200:20/3600:900+30""]
[UTCDate ""2024.11.27""]
[UTCTime ""09:01:25""]
[Variant ""Standard""]",0.0,False,True,Nxc5,/app/games_replication/gamed052ac4b-a057-4bb2-9c09-0ad6f4a60c16,False,1. Nf3 d5 2. d4 Nf6 3. e3 e6 4. a3 c5 5. c4 Nc6 6. h3 Be7 7. Nc3 a6 8. Ne5 Qc7 9. cxd5 exd5 10. Nf3 b5 11. dxc5
